{"cameraMode":{"drawMode":0,"name":"Shaded","section":"Shading Mode"},"sceneLighting":false,"audioPlay":false,"sceneViewState":{"showFog":false,"showMaterialUpdate":false,"showSkybox":false,"showFlares":false,"showImageEffects":false,"showParticleSystems":false},"in2DMode":false,"pivot":{"x":13.060250282287598,"y":-5.210034370422363,"z":-1.1159638166427613},"rotation":{"x":0.12926942110061646,"y":0.7229974865913391,"z":-0.14077819883823396,"w":0.6638852953910828},"size":14.35942554473877,"orthographic":false}