{"cameraMode":{"drawMode":0,"name":"Shaded","section":"Shading Mode"},"sceneLighting":false,"audioPlay":false,"sceneViewState":{"showFog":true,"showMaterialUpdate":true,"showSkybox":false,"showFlares":true,"showImageEffects":true,"showParticleSystems":true},"in2DMode":false,"pivot":{"x":283.7456970214844,"y":346.193603515625,"z":-34.59259033203125},"rotation":{"x":-0.009971458464860917,"y":-0.9469469785690308,"z":0.31992781162261965,"w":-0.029568776488304139},"size":333.6918640136719,"orthographic":false}