{"cameraMode":{"drawMode":0,"name":"Shaded","section":"Shading Mode"},"sceneLighting":false,"audioPlay":false,"sceneViewState":{"showFog":false,"showMaterialUpdate":false,"showSkybox":false,"showFlares":false,"showImageEffects":false,"showParticleSystems":false},"in2DMode":false,"pivot":{"x":-28.34632110595703,"y":-48.499412536621097,"z":26.996074676513673},"rotation":{"x":-0.37747371196746828,"y":0.3717615306377411,"z":-0.16883981227874757,"w":-0.8311430811882019},"size":276.64031982421877,"orthographic":false}